{"stats":{"minecraft:custom":{"minecraft:time_since_rest":3630540,"minecraft:sprint_one_cm":862635,"minecraft:walk_one_cm":3504883,"minecraft:drop":25,"minecraft:damage_dealt":30,"minecraft:talked_to_villager":2,"minecraft:fly_one_cm":16063747,"minecraft:crouch_one_cm":18780,"minecraft:play_time":3630540,"minecraft:sneak_time":63192,"minecraft:jump":8008,"minecraft:leave_game":12,"minecraft:time_since_death":3630540,"minecraft:total_world_time":3907816},"minecraft:used":{"minecraft:redstone_torch":3103,"minecraft:sticky_piston":5,"minecraft:lever":332,"minecraft:green_concrete":3556,"minecraft:black_concrete":231,"minecraft:orange_concrete":12301,"minecraft:red_wool":1,"minecraft:light_gray_concrete":2857,"minecraft:red_concrete":5670,"minecraft:grass_block":100,"minecraft:polished_andesite":167,"minecraft:redstone":25518,"minecraft:stone_button":30,"minecraft:oak_sign":83,"minecraft:cyan_concrete":698,"minecraft:polished_andesite_slab":4909,"minecraft:pink_concrete":3525,"minecraft:repeater":4114,"minecraft:purple_concrete":10782,"minecraft:redstone_lamp":181,"minecraft:dirt":105,"minecraft:lime_concrete":1251,"minecraft:comparator":122,"minecraft:light_blue_concrete":64,"minecraft:tnt":15,"minecraft:yellow_concrete":281,"minecraft:smooth_stone_slab":39,"minecraft:white_concrete":1326,"minecraft:blue_concrete":996,"minecraft:smooth_stone":45},"minecraft:dropped":{"minecraft:red_concrete":1,"minecraft:lever":1,"minecraft:polished_andesite_slab":2,"minecraft:tnt":1,"minecraft:repeater":2,"minecraft:lime_concrete":1,"minecraft:white_concrete":2,"minecraft:orange_concrete":1,"minecraft:purple_concrete":2,"minecraft:black_concrete":3,"minecraft:grass_block":1,"minecraft:redstone":8},"minecraft:picked_up":{"minecraft:repeater":197,"minecraft:stone_button":9,"minecraft:redstone":1804,"minecraft:dirt":71,"minecraft:orange_concrete":93,"minecraft:oak_sign":14,"minecraft:black_concrete":2,"minecraft:lever":71,"minecraft:comparator":20,"minecraft:redstone_torch":245,"minecraft:white_concrete":58,"minecraft:polished_andesite_slab":2,"minecraft:red_concrete":19,"minecraft:purple_concrete":1}},"DataVersion":3337}